title,price,image
HARRY POTTER Ensemble pyjama fille,"9,99 €","https://media1.auchan.fr/images/h3e/ha9/26408459730974.jpg,https://media1.auchan.fr/images/h7f/hcd/26409558179870.jpg"
HARRY POTTER Parure housse de couette en coton HARRY POTTER HOGWARTS,"19,49 €","//www.auchan.fr/images/h7a/he8/16540183396382.jpg,//www.auchan.fr/images/hf3/h6e/16540559671326.jpg"
Cartable à roulettes noir Harry Potter,"34,99 €","https://media1.auchan.fr/images/hd0/h69/16558054965278.jpg,https://media1.auchan.fr/images/h5c/ha1/16558157103134.jpg,https://media1.auchan.fr/images/h3b/hf3/16558158774302.jpg,https://media1.auchan.fr/_ui/v58_62d60cb1321/mobile/images/missing-product-70x70.jpg,https://media1.auchan.fr/images/h4b/h57/16558160871454.jpg,https://media1.auchan.fr/images/h32/h3b/16558161821726.jpg,https://media1.auchan.fr/_ui/v58_62d60cb1321/mobile/images/missing-product-70x70.jpg"
MILKY KISS Sac à dos à roulettes bleu THE WINNER,"29,99 €","https://media1.auchan.fr/images/hf9/he7/15398817300510.jpg,https://media1.auchan.fr/images/h74/h90/16599427842078.jpg,https://media1.auchan.fr/images/heb/h27/16599428694046.jpg"
LEGO Harry Potter 76383 Poudlard : le cours de potions,"25,99 €","https://media1.auchan.fr/images/hfc/h4a/16492881182750.jpg,https://media1.auchan.fr/images/h39/hbb/16493067403294.jpg,https://media1.auchan.fr/images/h79/hb2/16493069762590.jpg,https://media1.auchan.fr/images/ha8/hf2/16493072121886.jpg,https://media1.auchan.fr/images/h42/h4d/16493075791902.jpg,https://media1.auchan.fr/images/h5b/h40/16493077397534.jpg,https://media1.auchan.fr/images/he0/hd4/16493079822366.jpg,https://media1.auchan.fr/images/hf7/hbf/16493074448414.jpg"
Sac à dos 2 compartiments noir HARRY POTTER,"19,99 €","https://media1.auchan.fr/images/h2c/hf9/16576501809182.jpg,https://media1.auchan.fr/images/h0d/ha7/16576633896990.jpg,https://media1.auchan.fr/_ui/v58_62d60cb1321/mobile/images/missing-product-70x70.jpg,https://media1.auchan.fr/_ui/v58_62d60cb1321/mobile/images/missing-product-70x70.jpg,https://media1.auchan.fr/images/hda/h48/16576637141022.jpg,https://media1.auchan.fr/images/h65/hbc/16576638189598.jpg,https://media1.auchan.fr/_ui/v58_62d60cb1321/mobile/images/missing-product-70x70.jpg"
Cartable 38 cm CP/CE1/CE2 bleu HARRY POTTER,"19,99 €","//www.auchan.fr/images/h8f/ha2/26540565069854.jpg,//www.auchan.fr/images/h3b/h8e/26541035683870.jpg,//www.auchan.fr/images/haa/hb2/26541035946014.jpg,//www.auchan.fr/images/h02/h4d/26541038895134.jpg,//www.auchan.fr/images/h98/h75/26541036797982.jpg,//www.auchan.fr/images/h99/h33/26541038600222.jpg,//www.auchan.fr/images/ha4/h87/26541038305310.jpg"
Agenda scolaire journalier Harry Potter POUDLARD gris clair 2021-2022,"6,08 €",https://media1.auchan.fr/images/h66/h29/17296482172958.jpg
Sac à dos 1 compartiment gris HARRY POTTER,"19,99 €","https://media1.auchan.fr/images/h44/h81/17417190539294.jpg,https://media1.auchan.fr/images/hf9/hf5/17417223405598.jpg,https://media1.auchan.fr/images/hdd/h8b/17417225306142.jpg,https://media1.auchan.fr/images/h52/hcf/17417224126494.jpg,https://media1.auchan.fr/images/h95/hbf/17417225994270.jpg,https://media1.auchan.fr/images/hb7/hbc/17417224847390.jpg"
HARRY POTTER T-shirt manches longues fille,"3,99 €","https://media1.auchan.fr/images/h4b/h55/26577377460254.jpg,https://media1.auchan.fr/images/h49/h5e/26578127749150.jpg"
LEGO Harry Potter 75969 La Tour d'astronomie de Poudlard,"79,99 €","https://media1.auchan.fr/images/hde/he3/26428385984542.jpg,https://media1.auchan.fr/images/h05/h62/26428613001246.jpg,https://media1.auchan.fr/images/h15/h39/26428615065630.jpg,https://media1.auchan.fr/images/h87/he5/26428618014750.jpg"
TOPI GAMES Jeu - Une année à Poudlard - Harry Potter,"29,90 €","https://media1.auchan.fr/images/h27/he1/17508448075806.jpg,https://media1.auchan.fr/images/h4d/h63/17510586286110.jpg"
HARRY POTTER Harry Potter - Housse de Couette Enfant Ecole des Sorciers - Parure de lit  Coton,"31,80 €",https://media1.auchan.fr/images/h7c/hbe/17178657292318.jpg
LEGO Harry Potter 76385 Poudlard : le cours de sortilèges,"27,99 €","https://media1.auchan.fr/images/h0a/he9/16492878528542.jpg,https://media1.auchan.fr/images/hbb/h91/16493039779870.jpg,https://media1.auchan.fr/images/hc8/h4c/16493042597918.jpg,https://media1.auchan.fr/images/hcd/h6f/16493044826142.jpg,https://media1.auchan.fr/images/hba/hd7/16493046071326.jpg,https://media1.auchan.fr/images/he8/h8c/16493047021598.jpg,https://media1.auchan.fr/images/h0f/h04/16493048791070.jpg,https://media1.auchan.fr/images/h1f/h3c/16493051150366.jpg"
LEGO Harry Potter 75957 Le Magicobus,"29,99 €","https://media1.auchan.fr/images/h85/h4f/26428347056158.jpg,https://media1.auchan.fr/images/ha6/he8/26429045112862.jpg,https://media1.auchan.fr/images/hbd/h17/26429048946718.jpg"
LEGO Harry Potter 76386 - Poudlard : l&rsquo;erreur de la potion Polynectar,"18,99 €",https://media1.auchan.fr/images/h57/h08/17293256753182.jpg
HARRY POTTER Harry Potter - Drap Housse Enfant Poudlard - Literie 90 x 190 cm,"26,40 €","https://media1.auchan.fr/images/hd4/h45/17502704500766.jpg,https://media1.auchan.fr/images/hc5/h6a/17502894653470.jpg"
MATTEL Jeu UNO Harry Potter,"11,99 €",https://media1.auchan.fr/images/h9e/h94/17367209869342.jpg
LEGO Harry Potter 75967 - La Forêt interdite,"25,99 €",https://media1.auchan.fr/images/hfb/hcc/17507735830558.jpg
T-shirt Enfant Harry Potter,"19,99 €",https://media1.auchan.fr/images/h22/hab/17018547503134.jpg
BAGTROTTER Sac à dos Harry Potter Gryffondor Bordeaux Bagtrotter,"32,95 €","https://media1.auchan.fr/images/h23/hca/26577234984990.jpg,https://media1.auchan.fr/images/h0e/h09/26578068471838.jpg,https://media1.auchan.fr/images/h36/h7a/26578073616414.jpg"
EMTEC Clé USB 2.0 16 Go M730 Harry Potter Poudlard Noir,"9,99 €","https://media.auchan.fr/MEDIASTEP73624200_70x70/AFR/e3345d7e-f820-4400-b42f-81ba8301dae2,https://media.auchan.fr/MEDIASTEP73624202_70x70/AFR/e3345d7e-f820-4400-b42f-81ba8301dae2,https://media.auchan.fr/MEDIASTEP73624203_70x70/AFR/e3345d7e-f820-4400-b42f-81ba8301dae2"
LEGO Harry Potter 76384 Poudlard : le cours de botanique,"27,99 €","https://media1.auchan.fr/images/h78/h2a/16492879708190.jpg,https://media1.auchan.fr/images/h20/hf8/16493053542430.jpg,https://media1.auchan.fr/images/h96/h1b/16493054623774.jpg,https://media1.auchan.fr/images/ha3/hd1/16493058883614.jpg,https://media1.auchan.fr/images/h27/h6d/16493061472286.jpg,https://media1.auchan.fr/images/h32/h08/16493056491550.jpg,https://media1.auchan.fr/images/h47/h30/16493063929886.jpg,https://media1.auchan.fr/images/h95/h41/16493065601054.jpg"
Coffret intégrale Harry Potter BluRay + Jeu de Société Dobble,"44,99 €",https://media1.auchan.fr/images/h8e/had/26388779139102.jpg
LEGO Harry Potter 75968 - 4 Privet Drive,"64,99 €",https://media1.auchan.fr/images/hab/hdf/17507743498270.jpg
HARRY POTTER Lot de 2 paires de socquettes garçon,"2,99 €",//www.auchan.fr/images/h99/h22/16978009391134.jpg
LEGO Harry Potter 75947 La cabane de Hagrid : le sauvetage de Buck,"49,99 €","https://media1.auchan.fr/images/h73/hb5/16463087042590.jpg,https://media1.auchan.fr/images/hec/h0c/26429009428510.jpg,https://media1.auchan.fr/images/hbb/h4e/26429014147102.jpg,https://media1.auchan.fr/images/h80/hb5/26429011492894.jpg"
Lego Harry Potter Collection SWITCH,"39,99 €",https://media1.auchan.fr/images/hc7/hed/16148664156190.jpg
BAGTROTTER Cartable 38 cm Harry Potter Gryffondor Gris Bordeaux Bagtrotter,"34,95 €","https://media1.auchan.fr/images/h22/he2/26577333190686.jpg,https://media1.auchan.fr/images/h81/hba/26578698731550.jpg,https://media1.auchan.fr/images/hc5/hff/26578702532638.jpg,https://media1.auchan.fr/images/he1/h3c/26578705874974.jpg,https://media1.auchan.fr/images/h79/h5e/26578708463646.jpg,https://media1.auchan.fr/images/hb4/hba/26578711674910.jpg"
HARRY POTTER Peignoir enfant en coton 320 g/m² HARRY POTTER,"29,99 €",https://media1.auchan.fr/images/h26/h32/15741117169694.jpg
MATTEL Poupée Hermione Granger - Harry Potter,"18,99 €","//www.auchan.fr/images/h84/hdf/17487522136094.jpg,//www.auchan.fr/images/h35/h91/17488510386206.jpg,//www.auchan.fr/images/hc3/h77/17488520511518.jpg,//www.auchan.fr/images/hf8/h1a/15999618154526.jpg,//www.auchan.fr/images/h81/h2e/17488529358878.jpg,//www.auchan.fr/images/h96/h1a/17488498884638.jpg"
LEGO Harry Potter 75953 Le Saule Cogneur du château de Poudlard,"60,99 €","https://media1.auchan.fr/images/hbd/hd6/26407861780510.jpg,https://media1.auchan.fr/images/hc0/h9b/26413514981406.jpg,https://media1.auchan.fr/images/haa/hc2/26413533855774.jpg,https://media1.auchan.fr/images/h38/h71/26413551550494.jpg,https://media1.auchan.fr/images/h75/hfa/26413566558238.jpg,https://media1.auchan.fr/images/h6a/h1b/26413598408734.jpg,https://media1.auchan.fr/images/h75/h0c/26413581598750.jpg,https://media1.auchan.fr/images/h26/hc0/26413614628894.jpg"
HARRY POTTER Pyjashort garçon,"12,99 €","https://media1.auchan.fr/images/hf2/h85/17283862888478.jpg,https://media1.auchan.fr/images/heb/hfe/17284556914718.jpg"
Casquette Harry Potter - Voie 9 3/4,"19,90 €","//www.auchan.fr/images/h53/hca/17546623844382.jpg,//www.auchan.fr/images/h9d/h84/17555437125662.jpg,//www.auchan.fr/images/hcd/hd8/17555564298270.jpg"
LEGO Harry Potter 75948 La tour de l'horloge de Poudlard,"75,99 €","https://media1.auchan.fr/images/h14/h83/26428346171422.jpg,https://media1.auchan.fr/images/h94/hab/26429016801310.jpg,https://media1.auchan.fr/images/hde/hef/26429020045342.jpg,https://media1.auchan.fr/images/hc2/h6f/26429043048478.jpg,https://media1.auchan.fr/images/hc4/h3d/26429027713054.jpg,https://media1.auchan.fr/images/h26/h37/26429023879198.jpg,https://media1.auchan.fr/images/hb0/h3c/26429040099358.jpg,https://media1.auchan.fr/images/hfa/h80/26429036855326.jpg,https://media1.auchan.fr/images/he4/ha6/26429032136734.jpg"
ASMODEE Jeu Dobble Harry Potter,"11,99 €","https://media1.auchan.fr/images/h67/hec/16843737923614.jpg,https://media1.auchan.fr/_ui/v58_62d60cb1321/mobile/images/missing-product-70x70.jpg"
Coffret Set de Papeterie Harry Potter,"29,99 €",https://media1.auchan.fr/images/h7c/h46/17506487992350.jpg
HARRY POTTER Coussin en polyester double face imprimé HARRY POTTER,"8,99 €",https://media1.auchan.fr/images/h3e/h12/16661897805854.jpg
LEGO Harry Potter 76387 Poudlard : rencontre avec Touffu,"33,90 €","https://media1.auchan.fr/images/hf0/hf2/17293258227742.jpg,https://media1.auchan.fr/images/hd1/h31/17293619920926.jpg,https://media1.auchan.fr/images/h96/hed/17293621985310.jpg,https://media1.auchan.fr/images/h5a/ha7/17293624049694.jpg,https://media1.auchan.fr/images/h68/h32/17293625819166.jpg,https://media1.auchan.fr/images/h44/hcd/17293628768286.jpg,https://media1.auchan.fr/images/h49/h94/17293632012318.jpg,https://media1.auchan.fr/images/h2b/h34/17293636435998.jpg"
HARRY POTTER Parure housse de couette enfant en coton HARRY POTTER,"29,99 €",https://media1.auchan.fr/images/h06/h99/15741028073502.jpg
HARRY POTTER T-shirt manches longues fille,"11,99 €","https://media1.auchan.fr/images/hfe/he8/26417727963166.jpg,https://media1.auchan.fr/images/h81/h4b/26421382283294.jpg"
Coffret intégrale Harry Potter DVD + Jeu de Société Dobble,"34,99 €",https://media1.auchan.fr/images/h7b/h63/26407689224222.jpg
HARRY POTTER Ensemble pyjama garçon,"9,99 €","https://media1.auchan.fr/images/he3/h73/26573634535454.jpg,https://media1.auchan.fr/images/h51/h8f/26574121271326.jpg"
LEGO Harry Potter 76388 Visite du village de Pré-au-Lard,"69,99 €","//www.auchan.fr/images/h1e/h6d/17293259702302.jpg,//www.auchan.fr/images/h6f/h21/17293640302622.jpg,//www.auchan.fr/images/h4e/hcf/17293644070942.jpg,//www.auchan.fr/images/h7f/h98/17293647347742.jpg,//www.auchan.fr/images/hc1/hee/17293650001950.jpg,//www.auchan.fr/images/h48/h95/17293655605278.jpg,//www.auchan.fr/images/h63/h6a/17293658554398.jpg,//www.auchan.fr/images/h8b/he3/17293652983838.jpg"
HARRY POTTER T-shirt manches longues fille,"11,99 €","//www.auchan.fr/images/hc0/h07/26417707778078.jpg,//www.auchan.fr/images/hea/h98/26421344010270.jpg"
Agenda scolaire journalier Harry Potter Griffondor bleu marine 2021-2022,"6,08 €",https://media1.auchan.fr/images/h3f/h7c/17296485974046.jpg
LEGO Harry Potter 75955 - Le Poudlard Express,"66,99 €","https://media1.auchan.fr/images/hcf/hd9/26407869153310.jpg,https://media1.auchan.fr/images/h69/hbd/26413630816286.jpg,https://media1.auchan.fr/images/h88/h83/26413646151710.jpg,https://media1.auchan.fr/images/h30/he2/26413680361502.jpg,https://media1.auchan.fr/images/h34/h3d/26413696253982.jpg,https://media1.auchan.fr/images/h6a/h53/26413713358878.jpg,https://media1.auchan.fr/images/h12/he6/26413730463774.jpg,https://media1.auchan.fr/images/hd6/hec/26413662961694.jpg"
LEGO Harry Potter 76382 Poudlard : Le cours de métamorphose,"27,99 €","https://media1.auchan.fr/images/h40/hdb/16492882952222.jpg,https://media1.auchan.fr/images/h0a/hca/16493080805406.jpg,https://media1.auchan.fr/images/hec/hed/16493082673182.jpg,https://media1.auchan.fr/images/hf0/h5c/16493084475422.jpg,https://media1.auchan.fr/images/h6a/h80/16493092208670.jpg,https://media1.auchan.fr/images/h92/h29/16493088669726.jpg,https://media1.auchan.fr/images/h1c/hff/16493094109214.jpg,https://media1.auchan.fr/images/hcb/hd6/16493086539806.jpg"
